subject,predicted_label,true_label,logit,probability,correct
100307,1,0,0.37043580412864685,0.5915642976760864,0
102008,1,1,0.3056688606739044,0.5758277773857117,1
