subject,predicted_label,true_label,logit,probability,correct
100206,1,1,0.3563896417617798,0.5881661772727966,1
101107,1,1,0.3218129873275757,0.579766035079956,1
